[
  {
    "id": "HTC-ATTA-5KG",
    "name": "Aashirvaad Atta 5kg",
    "price": 299,
    "unit": "5 kg",
    "category": "Atta & Flour",
    "image": "assets/atta.jpg"
  },
  {
    "id": "HTC-RICE-5KG",
    "name": "Kolam Rice 5kg",
    "price": 449,
    "unit": "5 kg",
    "category": "Rice",
    "image": "assets/rice.jpg"
  },
  {
    "id": "HTC-DAL-1KG",
    "name": "Toor Dal 1kg",
    "price": 169,
    "unit": "1 kg",
    "category": "Dal & Pulses",
    "image": "assets/toordal.jpg"
  },
  {
    "id": "HTC-CHO-WHEAT-1KG",
    "name": "Whole Wheat Flour 1kg",
    "price": 49,
    "unit": "1 kg",
    "category": "Atta & Flour",
    "image": "assets/wheat.jpg"
  },
  {
    "id": "HTC-OIL-1L",
    "name": "Fortune Sunflower Oil 1L",
    "price": 159,
    "unit": "1 L",
    "category": "Edible Oil",
    "image": "assets/oil.jpg"
  },
  {
    "id": "HTC-GHEE-1L",
    "name": "Cow Ghee 1L",
    "price": 649,
    "unit": "1 L",
    "category": "Ghee",
    "image": "assets/ghee.jpg"
  },
  {
    "id": "HTC-SUGAR-1KG",
    "name": "Sugar 1kg",
    "price": 48,
    "unit": "1 kg",
    "category": "Sugar & Salt",
    "image": "assets/sugar.jpg"
  },
  {
    "id": "HTC-SALT-1KG",
    "name": "Tata Salt 1kg",
    "price": 26,
    "unit": "1 kg",
    "category": "Sugar & Salt",
    "image": "assets/salt.jpg"
  },
  {
    "id": "HTC-TEA-500G",
    "name": "Red Label Tea 500g",
    "price": 259,
    "unit": "500 g",
    "category": "Tea & Coffee",
    "image": "assets/tea.jpg"
  },
  {
    "id": "HTC-COFFEE-200G",
    "name": "Nescafé 200g",
    "price": 499,
    "unit": "200 g",
    "category": "Tea & Coffee",
    "image": "assets/coffee.jpg"
  },
  {
    "id": "HTC-MASALA-CHAI-100G",
    "name": "Masala Chai Powder 100g",
    "price": 75,
    "unit": "100 g",
    "category": "Masala & Spices",
    "image": "assets/masala.jpg"
  },
  {
    "id": "HTC-TURMERIC-200G",
    "name": "Turmeric Powder 200g",
    "price": 59,
    "unit": "200 g",
    "category": "Masala & Spices",
    "image": "assets/haldi.jpg"
  },
  {
    "id": "HTC-CHILLI-200G",
    "name": "Red Chilli Powder 200g",
    "price": 95,
    "unit": "200 g",
    "category": "Masala & Spices",
    "image": "assets/chilli.jpg"
  },
  {
    "id": "HTC-DRY-ALMOND-500G",
    "name": "Almonds 500g",
    "price": 449,
    "unit": "500 g",
    "category": "Dry Fruits",
    "image": "assets/almond.jpg"
  },
  {
    "id": "HTC-DRY-RAISIN-500G",
    "name": "Raisins 500g",
    "price": 199,
    "unit": "500 g",
    "category": "Dry Fruits",
    "image": "assets/raisin.jpg"
  },
  {
    "id": "HTC-BISCUIT-200G",
    "name": "Parle-G 200g",
    "price": 20,
    "unit": "200 g",
    "category": "Snacks & Biscuits",
    "image": "assets/biscuit.jpg"
  },
  {
    "id": "HTC-NOODLES-280G",
    "name": "Maggi Noodles 280g (4 pack)",
    "price": 60,
    "unit": "280 g",
    "category": "Instant Food",
    "image": "assets/maggi.jpg"
  },
  {
    "id": "HTC-SOAP-4",
    "name": "Lux Soap (Pack of 4)",
    "price": 126,
    "unit": "4 pcs",
    "category": "Personal Care",
    "image": "assets/soap.jpg"
  },
  {
    "id": "HTC-SHAMP-180ML",
    "name": "Clinic Plus Shampoo 180ml",
    "price": 95,
    "unit": "180 ml",
    "category": "Personal Care",
    "image": "assets/shampoo.jpg"
  },
  {
    "id": "HTC-DETER-1KG",
    "name": "Surf Excel 1kg",
    "price": 179,
    "unit": "1 kg",
    "category": "Home Care",
    "image": "assets/detergent.jpg"
  }
]